고객ID,생년월일,성별,주소,가입일,고객세그먼트,금액,차량구분,구매 횟수,누적 구매 금액,구매 날짜,거래 방식,구매 경로,나이,연령대,구매 시즌,등급 점수,금액 점수,고객 등급 점수,할부 여부,지역 카테고리,구매 요일,구매 요일 카테고리,구매 횟수 점수,마지막 구매 이후 일수,구매 빈도 점수,거래 방식 점수,구매 경로 점수,고객 충성도 지수,등급
14798,2002-03-04,남,인천광역시 남동구 구월동 88-10,2023-04-01,일반,35170000,준중형 세단,1,35170000,2024-04-04,1,0,23,20대,봄,2,1,4,0,인천광역시,3,평일,1,350,2,1,1,38,이탈가능
kyoungsoo031,1983-01-02,남,광주광역시 서구 치평동 14-7,2025-02-09,vip,85790000,준대형 세단,5,428950000,2025-02-10,1,0,42,40대,겨울,3,4,8,1,광주광역시,0,평일,5,38,4,1,1,99,vip
daeun026,1999-05-02,여,부산광역시 해운대구 우동 101-12,2025-02-28,신규,69500000,중형 SUV,1,69500000,2025-03-10,2,0,25,20대,봄,1,2,4,1,부산광역시,0,평일,1,10,5,1,1,60,신규
minsu001,1960-07-01,남,전라남도 목포시 부주동 77-8,2023-04-28,일반,34920000,중형 SUV,1,34920000,2023-05-01,3,0,64,70대 이상,봄,2,1,4,0,전라남도,0,평일,1,689,1,1,1,33,이탈가능
seunghyun020,1970-03-02,남,경기도 수원시 영통구 원천동 12-34,2023-09-18,이탈가능,50230000,준중형 세단,1,50230000,2023-10-01,1,0,55,50대,가을,0,2,2,1,경기도,6,주말,1,536,1,1,1,35,이탈가능
youngcheol006,1959-08-03,남,울산광역시 남구 달동 23-5,2023-02-01,일반,50230000,준중형 세단,1,50230000,2023-02-01,1,0,65,70대 이상,겨울,2,2,4,1,울산광역시,2,평일,1,778,1,1,1,40,이탈가능
sujin002,1998-01-02,여,경기도 수원시 영통구 원천동 12-34,2023-07-11,일반,44400000,중형 세단,1,44400000,2023-07-18,1,1,27,20대,여름,2,1,4,1,경기도,1,평일,1,611,1,1,1,33,이탈가능
jaewon040,1976-01-06,남,서울특별시 종로구 청운동 67-89,2024-12-01,신규,27830000,준중형 세단,1,27830000,2024-12-01,1,0,49,40대,겨울,1,1,2,0,서울특별시,6,주말,1,109,3,1,1,38,이탈가능
jinsu035,1980-04-06,남,인천광역시 남동구 구월동 88-10,2023-01-01,일반,44400000,중형 세단,1,44400000,2023-01-03,1,0,44,40대,겨울,2,1,4,1,인천광역시,1,평일,1,807,1,1,1,33,이탈가능
minjeong008,1977-08-05,여,서울특별시 종로구 청운동 67-89,2024-04-01,신규,61820000,중형 세단,1,61820000,2024-04-06,1,0,47,40대,봄,1,2,4,1,서울특별시,5,주말,1,348,2,1,1,45,이탈가능
suyeon033,1990-11-24,여,경상남도 창원시 의창구 봉곡동 48-6,2024-11-08,vip,99670000,대형 세단,5,498350000,2024-12-03,2,0,34,30대,겨울,3,4,8,1,경상남도,1,평일,5,107,3,1,1,94,vip
yeonghee003,1988-05-07,여,전라북도 전주시 완산구 덕진동 33-7,2023-06-07,일반,45980000,중형 SUV,2,91960000,2023-07-07,3,0,36,30대,여름,2,2,6,1,전라북도,4,평일,2,622,1,1,1,50,이탈가능
joonseok028,1997-08-05,남,충청북도 청주시 상당구 낙실동 9-1,2024-12-12,일반,35170000,준중형 세단,1,35170000,2025-01-02,2,0,27,20대,겨울,2,1,4,0,충청북도,3,평일,1,77,4,1,1,49,신규
jisu022,1996-01-02,여,광주광역시 서구 치평동 14-7,2024-01-13,일반,34920000,중형 SUV,2,69840000,2024-02-03,2,0,29,20대,겨울,2,2,5,0,광주광역시,5,주말,2,411,1,1,1,47,이탈가능
chanwoo037,1980-02-04,남,경기도 성남시 분당구 정자동 56-78,2023-06-28,일반,35170000,준중형 세단,3,105510000,2023-08-07,1,0,45,40대,여름,2,2,6,0,경기도,0,평일,3,591,1,1,1,55,일반
donghoon015,1985-01-07,남,울산광역시 남구 달동 23-5,2024-04-18,일반,52410000,준대형 세단,1,52410000,2024-05-06,1,0,40,40대,봄,2,2,4,1,울산광역시,0,평일,1,318,2,1,1,45,이탈가능
sangmi041,1966-07-01,여,경상남도 창원시 의창구 봉곡동 48-6,2024-09-18,신규,34920000,중형 SUV,1,34920000,2024-10-03,1,0,58,50대,가을,1,1,3,0,경상남도,3,평일,1,168,3,1,1,41,이탈가능
sanghoon024,1974-01-02,남,서울특별시 종로구 청운동 67-89,2024-01-13,일반,39500000,준중형 SUV,1,39500000,2024-02-27,1,0,51,50대,겨울,2,1,4,0,서울특별시,1,평일,1,387,1,1,1,33,이탈가능
shanghee012,1972-06-01,남,경상북도 포항시 남구 대도동 19-2,2023-04-28,일반,52410000,준대형 세단,1,52410000,2023-05-07,1,0,52,50대,봄,2,2,4,1,경상북도,6,주말,1,683,1,1,1,40,이탈가능
unji027,1988-03-06,남,부산광역시 해운대구 우동 101-12,2024-08-11,일반,52410000,준대형 세단,1,52410000,2024-08-15,1,0,37,30대,여름,2,2,4,1,부산광역시,3,평일,1,217,2,1,1,45,이탈가능
jeongmin019,1984-05-06,남,경기도 성남시 분당구 정자동 56-78,2024-01-07,일반,50230000,준중형 세단,1,50230000,2024-01-15,1,0,40,40대,겨울,2,2,4,1,경기도,0,평일,1,430,1,1,1,40,이탈가능
jooho032,1987-02-03,남,서울특별시 종로구 청운동 67-89,2024-10-19,vip,134370000,대형 세단,5,671850000,2024-12-16,1,0,38,30대,겨울,3,5,8,1,서울특별시,0,평일,5,94,3,1,1,100,vip
haneul036,1989-04-03,남,광주광역시 서구 치평동 14-7,2024-09-22,일반,34920000,중형 SUV,3,104760000,2024-09-25,1,0,35,30대,가을,2,2,6,0,광주광역시,2,평일,3,176,3,1,1,65,일반
heonjoo007,1972-05-02,여,전라북도 전주시 완산구 덕진동 33-7,2025-01-01,일반,44400000,중형 세단,2,88800000,2025-01-11,1,0,52,50대,겨울,2,2,5,1,전라북도,5,주말,2,68,4,1,1,63,일반
mirae029,1971-06-04,여,경기도 성남시 분당구 정자동 56-78,2024-02-28,일반,52410000,준대형 세단,2,104820000,2024-04-22,1,0,53,50대,봄,2,2,6,1,경기도,0,평일,2,332,2,1,1,55,일반
miseon018,1975-02-04,남,충청북도 청주시 상당구 낙실동 9-1,2023-06-04,일반,39500000,준중형 SUV,1,39500000,2023-07-08,1,0,50,50대,여름,2,1,4,0,충청북도,5,주말,1,621,1,1,1,33,이탈가능
sanghoon038,1996-05-02,남,경상북도 포항시 남구 대도동 19-2,2023-08-17,일반,52410000,준대형 세단,1,52410000,2023-08-19,1,0,28,20대,여름,2,2,4,1,경상북도,5,주말,1,579,1,1,1,40,이탈가능
youngcheol025,1985-04-02,남,서울특별시 강남구 역삼동 123-45,2024-04-08,일반,59460000,대형 SUV,1,59460000,2024-05-16,1,0,39,30대,봄,2,2,4,1,서울특별시,3,평일,1,308,2,1,1,45,이탈가능
eunhye100,2001-04-06,여,서울특별시 종로구 청운동 67-89,2024-08-13,일반,35170000,준중형 세단,1,35170000,2024-09-11,1,0,23,20대,가을,2,1,4,0,서울특별시,2,평일,1,190,2,1,1,38,이탈가능
jiwoo014,1983-02-04,남,경기도 수원시 영통구 원천동 12-34,2024-07-20,일반,25560000,준중형 해치백,1,25560000,2024-07-28,1,0,42,40대,여름,2,1,3,0,경기도,6,주말,1,235,2,1,1,36,이탈가능
taesu010,1962-05-06,남,서울특별시 종로구 청운동 67-89,2024-11-18,일반,52410000,준대형 세단,1,52410000,2024-12-25,1,0,62,70대 이상,겨울,2,2,4,1,서울특별시,2,평일,1,85,4,1,1,55,신규
hayun005,1999-07-07,여,충청남도 천안시 동남구 성성동 22-3,2024-11-11,일반,25560000,준중형 해치백,2,51120000,2024-11-18,1,0,25,20대,가을,2,2,4,0,충청남도,0,평일,2,122,3,1,1,55,일반
kangho017,1992-04-05,남,울산광역시 남구 달동 23-5,2024-01-10,일반,44400000,중형 세단,1,44400000,2024-01-16,1,1,32,30대,겨울,2,1,4,1,울산광역시,1,평일,1,429,1,1,1,33,이탈가능
minwoo013,1977-05-02,남,경기도 성남시 분당구 정자동 56-78,2024-05-11,일반,59460000,대형 SUV,1,59460000,2024-06-28,1,0,47,40대,여름,2,2,4,1,경기도,4,평일,1,265,2,1,1,45,이탈가능
yeongho023,1966-03-02,남,경기도 성남시 분당구 정자동 56-78,2025-01-01,일반,35170000,준중형 세단,1,35170000,2025-01-11,1,0,59,50대,겨울,2,1,4,0,경기도,5,주말,1,68,4,1,1,49,신규
jihun004,1978-09-05,남,충청남도 천안시 동남구 성성동 22-3,2023-03-28,일반,25560000,준중형 해치백,1,25560000,2023-04-25,1,0,46,40대,봄,2,1,3,0,충청남도,1,평일,1,695,1,1,1,31,이탈가능
hana011,1975-03-05,여,서울특별시 종로구 청운동 67-89,2024-05-18,일반,44400000,중형 세단,1,44400000,2024-06-02,1,0,50,50대,여름,2,1,4,1,서울특별시,6,주말,1,291,2,1,1,38,이탈가능
soyeong016,1997-08-01,여,충청북도 청주시 상당구 낙실동 9-1,2024-06-28,일반,34920000,중형 SUV,1,34920000,2024-07-08,1,0,27,20대,여름,2,1,4,0,충청북도,0,평일,1,255,2,1,1,38,이탈가능
sanghoon030,1994-12-01,남,부산광역시 해운대구 우동 101-12,2024-02-03,일반,25560000,준중형 해치백,1,25560000,2024-02-22,1,0,30,30대,겨울,2,1,3,0,부산광역시,3,평일,1,392,1,1,1,31,이탈가능
gildong021,1999-06-02,남,울산광역시 남구 달동 23-5,2023-08-18,일반,59460000,대형 SUV,2,118920000,2023-09-30,1,1,25,20대,가을,2,2,6,1,울산광역시,5,주말,2,537,1,1,1,50,이탈가능
sujin039,1970-03-09,남,인천광역시 남동구 구월동 88-10,2023-03-03,일반,52410000,준대형 세단,1,52410000,2023-03-03,1,0,55,50대,봄,2,2,4,1,인천광역시,4,평일,1,748,1,1,1,40,이탈가능
jimin009,1980-11-10,남,경상북도 포항시 남구 대도동 19-2,2024-07-07,일반,52410000,준대형 세단,1,52410000,2024-07-08,1,1,44,40대,여름,2,2,4,1,경상북도,0,평일,1,255,2,1,1,45,이탈가능
seonyeongmun,1960-03-12,남,부산광역시 해운대구 우동 101-12,2024-09-26,일반,82080000,준중형 세단,2,164160000,2023-05-04,1,0,65,70대 이상,봄,2,3,7,1,부산광역시,3,평일,2,686,1,1,1,59,일반
gimgyeongja,1959-11-17,여,경기도 수원시 영통구 원천동 12-34,2022-03-22,일반,72110000,중형 SUV,1,72110000,2024-07-04,1,1,65,70대 이상,여름,2,2,5,1,경기도,3,평일,1,259,2,1,1,47,이탈가능
gyun,1980-11-09,남,충청남도 천안시 동남구 성성동 22-3,2024-05-09,일반,38660000,준대형 세단,1,38660000,2024-01-07,1,1,44,40대,겨울,2,1,4,0,충청남도,6,주말,1,438,1,1,1,33,이탈가능
namsumin,1996-12-13,남,울산광역시 남구 달동 23-5,2023-05-25,이탈가능,37700000,중형 SUV,5,188500000,2024-07-04,3,1,28,20대,여름,0,3,5,0,울산광역시,3,평일,5,259,2,1,1,74,일반
jihungim,1994-06-26,남,대구광역시 수성구 범어동 55-3,2022-07-22,일반,79860000,준중형 세단,1,79860000,2023-05-22,1,0,30,30대,봄,2,2,5,1,대구광역시,0,평일,1,668,1,1,1,42,이탈가능
sumin33,1987-01-09,남,경상북도 포항시 남구 대도동 19-2,2024-09-27,일반,49930000,중형 SUV,4,199720000,2023-06-17,2,0,38,30대,여름,2,3,7,1,경상북도,5,주말,4,642,1,1,1,69,일반
bagogsun,1976-01-24,여,경기도 성남시 분당구 정자동 56-78,2022-11-05,vip,54910000,중형 SUV,4,219640000,2023-08-27,3,1,49,40대,여름,3,3,8,1,경기도,6,주말,4,571,1,1,1,72,일반
jia18,1998-01-27,남,경상북도 포항시 남구 대도동 19-2,2024-09-22,신규,53760000,준중형 세단,2,107520000,2023-09-19,3,0,27,20대,가을,1,2,5,1,경상북도,1,평일,2,548,1,1,1,47,이탈가능
lgang,1974-04-23,남,울산광역시 남구 달동 23-5,2023-02-04,vip,57450000,준중형 세단,1,57450000,2023-05-22,2,1,50,50대,봄,3,2,5,1,울산광역시,0,평일,1,668,1,1,1,42,이탈가능
coehyeonji,1956-02-25,남,인천광역시 남동구 구월동 88-10,2023-12-19,신규,75020000,중형 SUV,5,375100000,2024-11-28,3,0,69,70대 이상,가을,1,4,6,1,인천광역시,3,평일,5,112,3,1,1,88,vip
hongjiweon,1980-04-09,여,경기도 수원시 영통구 원천동 12-34,2023-02-20,vip,68050000,중형 SUV,2,136100000,2024-06-03,2,0,44,40대,여름,3,2,8,1,경기도,0,평일,2,290,2,1,1,60,일반
jihyeon92,1980-12-19,여,울산광역시 남구 달동 23-5,2023-02-22,일반,89190000,중형 SUV,2,178380000,2025-02-13,2,0,44,40대,겨울,2,3,7,1,울산광역시,3,평일,2,35,4,1,1,74,일반
yunseosong,1967-03-24,여,대전광역시 유성구 봉명동 44-2,2022-12-03,이탈가능,88480000,준중형 세단,1,88480000,2023-04-05,1,1,58,50대,봄,0,2,3,1,대전광역시,2,평일,1,715,1,1,1,37,이탈가능
ni,1977-11-10,여,전라북도 전주시 완산구 덕진동 33-7,2024-12-16,신규,65090000,중형 SUV,2,130180000,2024-04-17,2,1,47,40대,봄,1,2,6,1,전라북도,2,평일,2,337,2,1,1,55,일반
junyeongcoe,1962-07-02,남,대구광역시 수성구 범어동 55-3,2022-12-19,이탈가능,76580000,중형 SUV,5,382900000,2025-02-13,1,1,62,70대 이상,겨울,0,4,5,1,대구광역시,3,평일,5,35,4,1,1,91,vip
seoyeon90,2005-03-04,여,서울특별시 종로구 청운동 67-89,2024-07-07,신규,57120000,준중형 세단,5,285600000,2024-08-31,2,1,20,20대,여름,1,3,6,1,서울특별시,5,주말,5,201,2,1,1,77,일반
jihyeon11,1985-06-07,남,대전광역시 유성구 봉명동 44-2,2024-08-28,vip,60270000,준대형 세단,2,120540000,2023-12-11,3,1,39,30대,겨울,3,2,8,1,대전광역시,0,평일,2,465,1,1,1,55,일반
pi,1965-07-21,남,충청남도 천안시 동남구 성성동 22-3,2024-08-24,일반,43120000,중형 SUV,1,43120000,2023-06-07,3,0,59,50대,여름,2,1,4,1,충청남도,2,평일,1,652,1,1,1,33,이탈가능
whan,1972-09-24,남,대구광역시 수성구 범어동 55-3,2024-08-14,일반,77400000,준중형 세단,1,77400000,2024-04-16,3,0,52,50대,봄,2,2,5,1,대구광역시,1,평일,1,338,2,1,1,47,이탈가능
jidonghyeon,1999-03-22,남,충청남도 천안시 동남구 성성동 22-3,2024-02-04,신규,67120000,중형 SUV,1,67120000,2024-02-11,3,1,26,20대,겨울,1,2,4,1,충청남도,6,주말,1,403,1,1,1,40,이탈가능
seunghyeongim,1961-05-05,여,대구광역시 수성구 범어동 55-3,2023-07-28,이탈가능,50710000,준중형 세단,3,152130000,2023-04-15,2,0,63,70대 이상,봄,0,3,5,1,대구광역시,5,주말,3,705,1,1,1,59,일반
lgim,1954-03-13,남,충청남도 천안시 동남구 성성동 22-3,2024-11-04,일반,87880000,준중형 세단,4,351520000,2024-12-19,2,0,71,70대 이상,겨울,2,4,7,1,충청남도,3,평일,4,91,3,1,1,86,vip
minjaegim,2002-09-24,여,전라북도 전주시 완산구 덕진동 33-7,2025-01-08,일반,79830000,준중형 세단,4,319320000,2024-06-26,3,0,22,20대,여름,2,4,7,1,전라북도,2,평일,4,267,2,1,1,81,vip
seohyeon32,1984-07-29,남,경기도 수원시 영통구 원천동 12-34,2023-07-07,이탈가능,79370000,준중형 세단,2,158740000,2023-05-15,1,0,40,40대,봄,0,3,5,1,경기도,0,평일,2,675,1,1,1,54,일반
sangceolcoe,1978-02-13,여,충청북도 청주시 상당구 낙실동 9-1,2023-06-22,신규,40770000,준대형 세단,3,122310000,2023-12-09,3,1,47,40대,겨울,1,2,6,1,충청북도,5,주말,3,467,1,1,1,55,일반
ai,2001-04-12,여,부산광역시 해운대구 우동 101-12,2023-10-27,vip,60710000,준중형 세단,4,242840000,2024-10-12,2,0,23,20대,가을,3,3,8,1,부산광역시,5,주말,4,159,3,1,1,82,vip
seonghun39,1975-06-29,남,서울특별시 종로구 청운동 67-89,2025-01-25,신규,37420000,중형 SUV,2,74840000,2024-09-02,2,1,49,40대,가을,1,2,4,0,서울특별시,0,평일,2,199,2,1,1,50,이탈가능
yejungang,1973-09-17,남,경상남도 창원시 의창구 봉곡동 48-6,2022-12-11,신규,71520000,준중형 세단,5,357600000,2023-07-20,3,0,51,50대,여름,1,4,6,1,경상남도,3,평일,5,609,1,1,1,78,일반
myeongsug84,2004-03-16,여,충청남도 천안시 동남구 성성동 22-3,2024-02-01,이탈가능,34130000,준중형 세단,5,170650000,2023-08-26,2,1,21,20대,여름,0,3,5,0,충청남도,5,주말,5,572,1,1,1,69,일반
jihye30,1957-10-24,남,대구광역시 수성구 범어동 55-3,2022-05-10,신규,76700000,중형 SUV,4,306800000,2023-09-16,2,0,67,70대 이상,가을,1,4,6,1,대구광역시,5,주말,4,551,1,1,1,73,일반
jhan,1958-05-01,남,경상북도 포항시 남구 대도동 19-2,2024-01-03,vip,57710000,준대형 세단,3,173130000,2024-06-07,1,0,66,70대 이상,여름,3,3,8,1,경상북도,4,평일,3,286,2,1,1,72,일반
jeonghoi,1987-04-06,남,부산광역시 해운대구 우동 101-12,2024-09-28,이탈가능,89020000,중형 SUV,3,267060000,2023-09-30,3,0,37,30대,가을,0,3,5,1,부산광역시,5,주말,3,537,1,1,1,59,일반
mjo,1975-08-30,남,전라북도 전주시 완산구 덕진동 33-7,2022-11-16,신규,89450000,중형 SUV,1,89450000,2023-03-18,3,1,49,40대,봄,1,2,4,1,전라북도,5,주말,1,733,1,1,1,40,이탈가능
hyeonsug93,1985-04-07,남,경기도 수원시 영통구 원천동 12-34,2022-12-06,일반,66280000,준중형 세단,5,331400000,2023-07-07,1,1,39,30대,여름,2,4,7,1,경기도,4,평일,5,622,1,1,1,81,일반
yujin12,1970-01-26,여,대전광역시 유성구 봉명동 44-2,2022-03-27,신규,33070000,중형 SUV,3,99210000,2023-12-19,1,0,55,50대,겨울,1,2,5,0,대전광역시,1,평일,3,457,1,1,1,53,일반
jeonghyibag,1977-01-22,남,대구광역시 수성구 범어동 55-3,2022-10-10,이탈가능,49550000,중형 SUV,2,99100000,2024-01-08,3,1,48,40대,겨울,0,2,4,1,대구광역시,0,평일,2,437,1,1,1,45,이탈가능
yeongsuni,1963-02-13,남,전라남도 목포시 부주동 77-8,2022-11-16,이탈가능,36020000,준중형 세단,3,108060000,2024-08-07,1,0,62,70대 이상,여름,0,2,4,0,전라남도,2,평일,3,225,2,1,1,55,일반
eunji78,1997-04-15,남,서울특별시 종로구 청운동 67-89,2023-11-17,일반,64440000,준대형 세단,1,64440000,2025-01-03,1,0,27,20대,겨울,2,2,5,1,서울특별시,4,평일,1,76,4,1,1,58,신규
seungminjang,1954-06-08,남,경상남도 창원시 의창구 봉곡동 48-6,2022-10-27,이탈가능,43750000,준대형 세단,2,87500000,2024-09-18,1,1,70,70대 이상,가을,0,2,3,1,경상남도,2,평일,2,183,2,1,1,47,이탈가능
caeweon92,1994-01-04,여,서울특별시 종로구 청운동 67-89,2024-07-06,이탈가능,79430000,중형 SUV,2,158860000,2024-04-04,2,0,31,30대,봄,0,3,5,1,서울특별시,3,평일,2,350,2,1,1,59,일반
qcoe,1958-06-02,남,광주광역시 서구 치평동 14-7,2023-10-09,일반,47210000,준중형 세단,5,236050000,2023-10-12,2,1,66,70대 이상,가을,2,3,7,1,광주광역시,3,평일,5,525,1,1,1,74,일반
jeongho77,1972-06-26,여,서울특별시 강남구 역삼동 123-45,2022-12-10,이탈가능,85590000,중형 SUV,5,427950000,2023-11-29,1,1,52,50대,가을,0,4,5,1,서울특별시,2,평일,5,477,1,1,1,76,일반
jieuncoe,1977-04-04,여,울산광역시 남구 달동 23-5,2024-03-22,vip,71210000,준중형 세단,2,142420000,2024-09-20,1,1,47,40대,가을,3,2,8,1,울산광역시,4,평일,2,181,2,1,1,60,일반
ryuseonghyeon,1976-06-08,남,광주광역시 서구 치평동 14-7,2022-06-04,일반,89790000,준대형 세단,2,179580000,2025-02-08,2,0,48,40대,겨울,2,3,7,1,광주광역시,5,주말,2,40,4,1,1,74,일반
dohyeonhwang,1985-12-18,여,부산광역시 해운대구 우동 101-12,2023-01-10,vip,83120000,준대형 세단,2,166240000,2024-11-03,1,0,39,30대,가을,3,3,8,1,부산광역시,6,주말,2,137,3,1,1,72,일반
jungsu25,1982-09-08,남,충청북도 청주시 상당구 낙실동 9-1,2025-02-18,vip,81900000,준대형 세단,5,409500000,2024-11-28,3,1,42,40대,가을,3,4,8,1,충청북도,3,평일,5,112,3,1,1,94,vip
donghyeonhwang,1997-09-02,남,광주광역시 서구 치평동 14-7,2025-02-17,vip,62020000,중형 SUV,4,248080000,2023-07-13,1,1,27,20대,여름,3,3,8,1,광주광역시,3,평일,4,616,1,1,1,72,일반
kgim,1997-06-02,여,광주광역시 서구 치평동 14-7,2024-03-03,신규,79780000,준대형 세단,4,319120000,2023-07-07,1,0,27,20대,여름,1,4,6,1,광주광역시,4,평일,4,622,1,1,1,73,일반
anyeonggil,1971-03-05,남,울산광역시 남구 달동 23-5,2024-03-21,일반,79430000,중형 SUV,3,238290000,2025-02-21,2,0,54,50대,겨울,2,3,7,1,울산광역시,4,평일,3,27,5,1,1,85,일반
haeun00,1956-02-23,여,서울특별시 종로구 청운동 67-89,2023-02-25,일반,30270000,중형 SUV,3,90810000,2025-02-23,3,0,69,70대 이상,겨울,2,2,6,0,서울특별시,6,주말,3,25,5,1,1,76,일반
yeongjagim,1986-02-12,남,부산광역시 해운대구 우동 101-12,2023-09-17,이탈가능,32780000,준중형 세단,5,163900000,2024-08-14,2,0,39,30대,여름,0,3,5,0,부산광역시,2,평일,5,218,2,1,1,74,일반
haeun06,1963-11-23,여,충청북도 청주시 상당구 낙실동 9-1,2022-09-06,vip,49320000,중형 SUV,2,98640000,2023-12-27,1,0,61,70대 이상,겨울,3,2,7,1,충청북도,2,평일,2,449,1,1,1,53,일반
yangyeongja,2000-03-31,남,인천광역시 남동구 구월동 88-10,2022-04-15,이탈가능,76660000,준대형 세단,4,306640000,2024-11-05,1,1,24,20대,가을,0,4,5,1,인천광역시,1,평일,4,135,3,1,1,81,vip
xbag,1983-12-18,남,경기도 성남시 분당구 정자동 56-78,2024-12-02,이탈가능,85860000,준중형 세단,2,171720000,2024-07-01,2,0,41,40대,여름,0,3,5,1,경기도,0,평일,2,262,2,1,1,59,일반
jihyeonbag,1988-04-18,남,인천광역시 남동구 구월동 88-10,2023-08-18,이탈가능,88130000,준중형 세단,5,440650000,2024-01-23,1,0,36,30대,겨울,0,4,5,1,인천광역시,1,평일,5,422,1,1,1,76,일반
jungsuyun,1975-03-27,여,경기도 수원시 영통구 원천동 12-34,2022-11-02,vip,79770000,중형 SUV,2,159540000,2023-10-01,1,1,50,50대,가을,3,3,8,1,경기도,6,주말,2,536,1,1,1,62,일반
ygim,1984-05-24,남,광주광역시 서구 치평동 14-7,2023-09-15,신규,74040000,준대형 세단,1,74040000,2025-02-05,3,1,40,40대,겨울,1,2,4,1,광주광역시,2,평일,1,43,4,1,1,55,신규
pgim,1999-11-25,남,경상북도 포항시 남구 대도동 19-2,2022-11-08,일반,54940000,중형 SUV,2,109880000,2024-11-04,1,0,25,20대,가을,2,2,6,1,경상북도,0,평일,2,136,3,1,1,60,일반
sonyeongceol,1987-11-12,여,충청남도 천안시 동남구 성성동 22-3,2022-10-12,일반,72840000,중형 SUV,2,145680000,2024-01-16,2,1,37,30대,겨울,2,2,7,1,충청남도,1,평일,2,429,1,1,1,53,일반
anjeonghun,1977-06-26,남,광주광역시 서구 치평동 14-7,2022-03-25,일반,57850000,준대형 세단,1,57850000,2023-06-18,3,1,47,40대,여름,2,2,4,1,광주광역시,6,주말,1,641,1,1,1,40,이탈가능
eunyeong65,1987-05-31,남,울산광역시 남구 달동 23-5,2023-10-23,신규,57310000,중형 SUV,2,114620000,2023-08-16,1,0,37,30대,여름,1,2,5,1,울산광역시,2,평일,2,582,1,1,1,47,이탈가능
bi,1981-08-17,남,대구광역시 수성구 범어동 55-3,2023-08-17,신규,45700000,준중형 세단,4,182800000,2024-11-30,3,1,43,40대,가을,1,3,6,1,대구광역시,5,주말,4,110,3,1,1,77,일반
ijeongsu,1991-07-10,남,경상남도 창원시 의창구 봉곡동 48-6,2022-05-13,vip,41850000,중형 SUV,2,83700000,2024-12-05,1,1,33,30대,겨울,3,2,6,1,경상남도,3,평일,2,105,3,1,1,60,일반
gimjeonghun,1994-04-30,여,대전광역시 유성구 봉명동 44-2,2023-10-31,일반,87840000,준중형 세단,1,87840000,2024-11-18,2,0,30,30대,가을,2,2,5,1,대전광역시,0,평일,1,122,3,1,1,53,일반
sugjagim,1980-02-20,남,부산광역시 해운대구 우동 101-12,2023-10-19,일반,84100000,준중형 세단,3,252300000,2024-08-31,2,0,45,40대,여름,2,3,7,1,부산광역시,5,주말,3,201,2,1,1,69,일반
yeji21,1989-05-27,여,경상북도 포항시 남구 대도동 19-2,2023-07-27,일반,82050000,중형 SUV,5,410250000,2023-04-27,1,1,35,30대,봄,2,4,7,1,경상북도,3,평일,5,693,1,1,1,81,일반
seohyeon66,1969-11-21,여,경기도 수원시 영통구 원천동 12-34,2022-06-05,이탈가능,60860000,준중형 세단,5,304300000,2023-08-19,1,1,55,50대,여름,0,4,5,1,경기도,5,주말,5,579,1,1,1,76,일반
cgweon,1966-09-01,여,대전광역시 유성구 봉명동 44-2,2023-07-01,vip,71220000,중형 SUV,4,284880000,2023-05-29,3,1,58,50대,봄,3,3,8,1,대전광역시,0,평일,4,661,1,1,1,72,일반
gimsanghyeon,1966-11-27,남,대구광역시 수성구 범어동 55-3,2024-09-02,이탈가능,33690000,준중형 세단,4,134760000,2024-03-21,2,0,58,50대,봄,0,2,5,0,대구광역시,3,평일,4,364,2,1,1,63,일반
jiagim,1981-02-16,여,울산광역시 남구 달동 23-5,2024-03-09,신규,37190000,중형 SUV,4,148760000,2025-01-31,2,1,44,40대,겨울,1,2,6,0,울산광역시,4,평일,4,48,4,1,1,76,일반
junseou,1996-12-16,남,인천광역시 남동구 구월동 88-10,2022-09-10,신규,36260000,준중형 세단,5,181300000,2024-12-06,2,1,28,20대,겨울,1,3,6,0,인천광역시,4,평일,5,104,3,1,1,82,vip
jongsu53,1999-04-19,여,서울특별시 강남구 역삼동 123-45,2024-10-22,vip,55710000,중형 SUV,2,111420000,2023-04-22,1,0,25,20대,봄,3,2,7,1,서울특별시,5,주말,2,698,1,1,1,53,일반
hyeonju64,1980-03-19,여,대전광역시 유성구 봉명동 44-2,2023-03-28,일반,59060000,준중형 세단,1,59060000,2023-04-22,2,1,45,40대,봄,2,2,4,1,대전광역시,5,주말,1,698,1,1,1,40,이탈가능
sangceolhan,1975-12-16,여,울산광역시 남구 달동 23-5,2023-10-09,vip,37480000,준중형 세단,5,187400000,2024-12-11,3,1,49,40대,겨울,3,3,8,0,울산광역시,2,평일,5,99,3,1,1,87,vip
hyejin16,1974-12-16,여,부산광역시 해운대구 우동 101-12,2023-10-20,신규,39150000,중형 SUV,4,156600000,2023-09-28,1,1,50,50대,가을,1,3,6,0,부산광역시,3,평일,4,539,1,1,1,67,일반
songjeongja,2000-09-21,남,경상남도 창원시 의창구 봉곡동 48-6,2023-11-15,이탈가능,77130000,준중형 세단,1,77130000,2023-12-04,3,0,24,20대,겨울,0,2,3,1,경상남도,0,평일,1,472,1,1,1,37,이탈가능
mijeong80,1964-02-21,남,울산광역시 남구 달동 23-5,2023-08-28,일반,56480000,중형 SUV,5,282400000,2024-08-09,3,0,61,70대 이상,여름,2,3,7,1,울산광역시,4,평일,5,223,2,1,1,79,일반
yeonghyi20,1956-12-27,여,경기도 수원시 영통구 원천동 12-34,2023-04-21,신규,80170000,중형 SUV,4,320680000,2024-07-02,3,1,68,70대 이상,여름,1,4,6,1,경기도,1,평일,4,261,2,1,1,78,일반
miyeongbag,1966-12-07,남,서울특별시 강남구 역삼동 123-45,2023-10-09,신규,66410000,준중형 세단,1,66410000,2023-04-28,3,1,58,50대,봄,1,2,4,1,서울특별시,4,평일,1,692,1,1,1,40,이탈가능
eunseogim,1975-12-10,여,경상남도 창원시 의창구 봉곡동 48-6,2023-08-21,신규,57200000,중형 SUV,5,286000000,2024-10-15,1,1,49,40대,가을,1,3,6,1,경상남도,1,평일,5,156,3,1,1,82,vip
gimyeongho,1970-11-29,여,대구광역시 수성구 범어동 55-3,2023-09-13,일반,67180000,중형 SUV,2,134360000,2024-01-30,2,0,54,50대,겨울,2,2,7,1,대구광역시,1,평일,2,415,1,1,1,53,일반
qyun,1975-06-05,남,대전광역시 유성구 봉명동 44-2,2022-04-21,신규,41600000,중형 SUV,5,208000000,2025-03-06,2,0,49,40대,봄,1,3,6,1,대전광역시,3,평일,5,14,5,1,1,92,vip
ghwang,1999-06-12,남,광주광역시 서구 치평동 14-7,2023-11-07,신규,30670000,준중형 세단,5,153350000,2024-10-14,3,1,25,20대,가을,1,3,6,0,광주광역시,0,평일,5,157,3,1,1,82,vip
gyeongjabae,1968-06-11,남,부산광역시 해운대구 우동 101-12,2023-05-07,신규,70970000,중형 SUV,3,212910000,2023-08-09,3,1,56,50대,여름,1,3,6,1,부산광역시,2,평일,3,589,1,1,1,62,일반
iseonyeong,2002-12-16,여,서울특별시 강남구 역삼동 123-45,2023-11-04,이탈가능,64360000,중형 SUV,4,257440000,2025-02-16,2,1,22,20대,겨울,0,3,5,1,서울특별시,6,주말,4,32,4,1,1,79,일반
gimjuweon,1985-12-09,여,경상북도 포항시 남구 대도동 19-2,2023-11-27,이탈가능,36230000,중형 SUV,5,181150000,2025-01-10,2,1,39,30대,겨울,0,3,5,0,경상북도,4,평일,5,69,4,1,1,85,vip
sunogi,1964-09-11,여,서울특별시 강남구 역삼동 123-45,2024-07-07,일반,73410000,중형 SUV,2,146820000,2023-04-25,2,0,60,70대 이상,봄,2,2,7,1,서울특별시,1,평일,2,695,1,1,1,53,일반
sgweon,1960-12-31,남,대구광역시 수성구 범어동 55-3,2022-08-17,일반,73150000,준중형 세단,5,365750000,2023-08-23,1,0,64,70대 이상,여름,2,4,7,1,대구광역시,2,평일,5,575,1,1,1,81,일반
lcoe,1999-09-27,남,인천광역시 남동구 구월동 88-10,2023-06-12,신규,62270000,준중형 세단,3,186810000,2023-08-02,3,1,25,20대,여름,1,3,6,1,인천광역시,2,평일,3,596,1,1,1,62,일반
fo,1978-06-04,남,충청북도 청주시 상당구 낙실동 9-1,2022-08-30,신규,37090000,준대형 세단,2,74180000,2024-07-06,3,0,46,40대,여름,1,2,4,0,충청북도,5,주말,2,257,2,1,1,50,이탈가능
gimjuweon,1983-06-25,여,인천광역시 남동구 구월동 88-10,2025-02-27,신규,43760000,중형 SUV,4,175040000,2024-08-21,2,0,41,40대,여름,1,3,6,1,인천광역시,2,평일,4,211,2,1,1,72,일반
wcoe,1974-10-29,남,인천광역시 남동구 구월동 88-10,2023-06-10,일반,35610000,중형 SUV,2,71220000,2024-03-23,2,0,50,50대,봄,2,2,5,0,인천광역시,5,주말,2,362,2,1,1,53,일반
haeunju,1972-09-22,남,충청북도 청주시 상당구 낙실동 9-1,2022-10-01,일반,44550000,중형 SUV,4,178200000,2024-03-25,3,0,52,50대,봄,2,3,7,1,충청북도,0,평일,4,360,2,1,1,74,일반
xi,1973-03-28,남,대전광역시 유성구 봉명동 44-2,2025-01-27,vip,61350000,준중형 세단,5,306750000,2023-10-10,1,1,52,50대,가을,3,4,8,1,대전광역시,1,평일,5,527,1,1,1,83,일반
yeonghwan93,1958-10-02,남,충청북도 청주시 상당구 낙실동 9-1,2023-06-29,이탈가능,69890000,중형 SUV,2,139780000,2023-06-02,2,1,66,70대 이상,여름,0,2,5,1,충청북도,4,평일,2,657,1,1,1,47,이탈가능
wi,1955-12-04,여,충청남도 천안시 동남구 성성동 22-3,2023-12-24,vip,30220000,준중형 세단,1,30220000,2023-11-12,3,0,69,70대 이상,가을,3,1,5,0,충청남도,6,주말,1,494,1,1,1,36,이탈가능
miyeonggim,1996-10-26,여,울산광역시 남구 달동 23-5,2024-03-08,신규,57580000,중형 SUV,3,172740000,2023-11-30,3,0,28,20대,가을,1,3,6,1,울산광역시,3,평일,3,476,1,1,1,62,일반
li,1959-04-25,여,경상남도 창원시 의창구 봉곡동 48-6,2022-07-16,이탈가능,62700000,준대형 세단,2,125400000,2023-06-08,1,0,65,70대 이상,여름,0,2,5,1,경상남도,3,평일,2,651,1,1,1,47,이탈가능
jeonghyigim,1992-01-31,여,인천광역시 남동구 구월동 88-10,2023-12-31,vip,68630000,준중형 세단,5,343150000,2023-09-23,3,1,33,30대,가을,3,4,8,1,인천광역시,5,주말,5,544,1,1,1,83,일반
gwangsuson,2003-03-08,남,충청북도 청주시 상당구 낙실동 9-1,2022-10-08,신규,85970000,중형 SUV,3,257910000,2023-08-10,1,1,22,20대,여름,1,3,6,1,충청북도,3,평일,3,588,1,1,1,62,일반
gimjihye,1996-02-24,남,경상북도 포항시 남구 대도동 19-2,2024-08-05,일반,63570000,중형 SUV,1,63570000,2024-09-17,3,1,29,20대,가을,2,2,5,1,경상북도,1,평일,1,184,2,1,1,47,이탈가능
bagseongho,1969-07-24,남,부산광역시 해운대구 우동 101-12,2022-07-19,일반,32550000,준중형 세단,3,97650000,2023-11-02,3,0,55,50대,가을,2,2,6,0,부산광역시,3,평일,3,504,1,1,1,55,일반
yheo,1984-12-28,여,경기도 수원시 영통구 원천동 12-34,2024-12-16,vip,38140000,준중형 세단,5,190700000,2024-09-27,1,0,40,40대,가을,3,3,8,0,경기도,4,평일,5,174,3,1,1,87,vip
sangceolhwang,1957-03-08,여,전라남도 목포시 부주동 77-8,2023-06-06,vip,88650000,준중형 세단,5,443250000,2024-10-18,1,0,68,70대 이상,가을,3,4,8,1,전라남도,4,평일,5,153,3,1,1,94,vip
xgim,1958-07-27,남,전라북도 전주시 완산구 덕진동 33-7,2022-08-20,일반,47730000,준중형 세단,3,143190000,2024-04-22,1,1,66,70대 이상,봄,2,2,7,1,전라북도,0,평일,3,332,2,1,1,63,일반
gimseongho,1988-01-21,남,경기도 수원시 영통구 원천동 12-34,2023-11-04,일반,88470000,준중형 세단,1,88470000,2023-12-28,1,1,37,30대,겨울,2,2,5,1,경기도,3,평일,1,448,1,1,1,42,이탈가능
jia75,1982-09-28,여,경기도 성남시 분당구 정자동 56-78,2023-01-16,vip,83840000,준중형 세단,3,251520000,2024-01-29,3,0,42,40대,겨울,3,3,8,1,경기도,0,평일,3,416,1,1,1,67,일반
caeweon09,2000-11-20,남,광주광역시 서구 치평동 14-7,2024-06-28,vip,58930000,중형 SUV,1,58930000,2023-11-26,1,1,24,20대,가을,3,2,5,1,광주광역시,6,주말,1,480,1,1,1,42,이탈가능
gimjihyeon,1971-03-27,남,울산광역시 남구 달동 23-5,2022-10-13,vip,67480000,준중형 세단,5,337400000,2024-01-01,3,0,54,50대,겨울,3,4,8,1,울산광역시,0,평일,5,444,1,1,1,83,일반
imigyeong,1988-10-08,남,울산광역시 남구 달동 23-5,2024-11-16,신규,66300000,중형 SUV,4,265200000,2023-10-12,3,1,36,30대,가을,1,3,6,1,울산광역시,3,평일,4,525,1,1,1,67,일반
idoyun,1998-04-21,남,충청북도 청주시 상당구 낙실동 9-1,2023-08-24,신규,70510000,중형 SUV,1,70510000,2023-11-03,3,1,26,20대,가을,1,2,4,1,충청북도,4,평일,1,503,1,1,1,40,이탈가능
baggyeongsug,2002-11-12,여,서울특별시 강남구 역삼동 123-45,2025-01-20,일반,67020000,중형 SUV,1,67020000,2024-09-20,3,1,22,20대,가을,2,2,5,1,서울특별시,4,평일,1,181,2,1,1,47,이탈가능
gojihye,1962-11-22,여,서울특별시 종로구 청운동 67-89,2023-01-14,이탈가능,68300000,준중형 세단,4,273200000,2023-12-21,1,1,62,70대 이상,겨울,0,3,5,1,서울특별시,3,평일,4,455,1,1,1,64,일반
jiweonmin,1956-05-07,여,광주광역시 서구 치평동 14-7,2024-06-10,일반,42060000,준중형 세단,5,210300000,2023-03-14,3,1,68,70대 이상,봄,2,3,7,1,광주광역시,1,평일,5,737,1,1,1,74,이탈가능
jihyeyun,2001-04-07,여,대전광역시 유성구 봉명동 44-2,2023-01-01,일반,36550000,준중형 세단,3,109650000,2024-01-01,1,0,23,20대,겨울,2,2,6,0,대전광역시,0,평일,3,444,1,1,1,55,일반
jihugim,1981-02-03,남,전라남도 목포시 부주동 77-8,2023-08-07,신규,84370000,중형 SUV,2,168740000,2025-01-20,2,0,44,40대,겨울,1,3,6,1,전라남도,0,평일,2,59,4,1,1,72,일반
bagyeongsun,1994-10-15,남,대구광역시 수성구 범어동 55-3,2022-06-15,일반,54340000,준대형 세단,2,108680000,2023-10-13,3,1,30,30대,가을,2,2,6,1,대구광역시,4,평일,2,524,1,1,1,50,이탈가능
jihugim,1982-09-28,남,대전광역시 유성구 봉명동 44-2,2023-03-06,vip,39760000,중형 SUV,1,39760000,2024-07-26,1,1,42,40대,여름,3,1,5,0,대전광역시,4,평일,1,237,2,1,1,41,이탈가능
mijeong41,1985-07-24,남,충청북도 청주시 상당구 낙실동 9-1,2023-01-12,일반,48800000,준대형 세단,1,48800000,2023-12-15,2,0,39,30대,겨울,2,1,4,1,충청북도,4,평일,1,461,1,1,1,33,이탈가능
ggang,1968-12-19,남,경기도 성남시 분당구 정자동 56-78,2023-07-10,이탈가능,79230000,준중형 세단,2,158460000,2024-07-21,2,1,56,50대,여름,0,3,5,1,경기도,6,주말,2,242,2,1,1,59,일반
jinho57,1997-08-25,남,경상북도 포항시 남구 대도동 19-2,2023-05-31,일반,38860000,중형 SUV,3,116580000,2024-05-16,3,1,27,20대,봄,2,2,6,0,경상북도,3,평일,3,308,2,1,1,60,일반
minjunheo,1985-05-11,여,대구광역시 수성구 범어동 55-3,2023-10-06,일반,53910000,준중형 세단,3,161730000,2023-09-25,2,1,39,30대,가을,2,3,7,1,대구광역시,0,평일,3,542,1,1,1,64,일반
kgang,2000-07-04,남,경기도 수원시 영통구 원천동 12-34,2022-03-13,신규,38900000,준대형 세단,1,38900000,2023-03-27,1,1,24,20대,봄,1,1,3,0,경기도,0,평일,1,724,1,1,1,31,이탈가능
jihyegim,1958-09-02,남,전라남도 목포시 부주동 77-8,2024-01-12,이탈가능,72930000,중형 SUV,1,72930000,2023-12-25,2,0,66,70대 이상,겨울,0,2,3,1,전라남도,0,평일,1,451,1,1,1,37,이탈가능
qcoe,1997-01-22,여,충청남도 천안시 동남구 성성동 22-3,2024-06-03,신규,55370000,준중형 세단,3,166110000,2023-10-20,2,0,28,20대,가을,1,3,6,1,충청남도,4,평일,3,517,1,1,1,62,일반
yeonghyigim,1976-06-02,남,서울특별시 종로구 청운동 67-89,2023-03-25,이탈가능,65540000,중형 SUV,2,131080000,2023-11-29,2,0,48,40대,가을,0,2,5,1,서울특별시,2,평일,2,477,1,1,1,47,이탈가능
lgim,1956-03-06,여,충청북도 청주시 상당구 낙실동 9-1,2024-01-10,신규,46520000,중형 SUV,5,232600000,2025-01-31,3,0,69,70대 이상,겨울,1,3,6,1,충청북도,4,평일,5,48,4,1,1,87,vip
imyeongsug,1989-10-30,여,경기도 성남시 분당구 정자동 56-78,2022-07-27,신규,77710000,준중형 세단,1,77710000,2024-01-19,3,1,35,30대,겨울,1,2,4,1,경기도,4,평일,1,426,1,1,1,40,이탈가능
hanyeongsig,1987-02-22,남,경기도 수원시 영통구 원천동 12-34,2023-06-06,신규,51200000,중형 SUV,2,102400000,2023-04-22,2,0,38,30대,봄,1,2,5,1,경기도,5,주말,2,698,1,1,1,47,이탈가능
jiahan,1963-10-11,남,서울특별시 강남구 역삼동 123-45,2022-08-12,신규,79370000,준중형 세단,1,79370000,2024-11-11,2,0,61,70대 이상,가을,1,2,4,1,서울특별시,0,평일,1,129,3,1,1,50,이탈가능
sanghyeon96,1971-07-20,여,경상북도 포항시 남구 대도동 19-2,2024-12-17,vip,68370000,준중형 세단,4,273480000,2023-10-08,2,0,53,50대,가을,3,3,8,1,경상북도,6,주말,4,529,1,1,1,72,일반
jihugang,1968-07-06,남,광주광역시 서구 치평동 14-7,2023-05-06,vip,64060000,중형 SUV,5,320300000,2024-12-28,1,0,56,50대,겨울,3,4,8,1,광주광역시,5,주말,5,82,4,1,1,99,vip
sumini,1969-08-16,여,전라남도 목포시 부주동 77-8,2025-03-04,이탈가능,48970000,준중형 세단,5,244850000,2023-05-21,2,0,55,50대,봄,0,3,5,1,전라남도,6,주말,5,669,1,1,1,69,일반
fseo,1963-12-25,남,경상남도 창원시 의창구 봉곡동 48-6,2024-08-25,일반,72510000,준대형 세단,4,290040000,2024-05-23,3,0,61,70대 이상,봄,2,3,7,1,경상남도,3,평일,4,301,2,1,1,74,일반
iyujin,1976-10-26,남,전라남도 목포시 부주동 77-8,2024-04-28,vip,31010000,중형 SUV,4,124040000,2024-05-25,2,0,48,40대,봄,3,2,8,0,전라남도,5,주말,4,299,2,1,1,71,일반
jeongsugyang,1966-01-01,여,서울특별시 강남구 역삼동 123-45,2023-03-14,vip,35130000,준중형 세단,4,140520000,2023-10-12,3,1,59,50대,가을,3,2,8,0,서울특별시,3,평일,4,525,1,1,1,65,일반
sugja08,1954-07-31,여,부산광역시 해운대구 우동 101-12,2023-07-07,이탈가능,81810000,준중형 세단,4,327240000,2024-10-29,1,1,70,70대 이상,가을,0,4,5,1,부산광역시,1,평일,4,142,3,1,1,81,vip
hyejinseo,1989-03-12,남,부산광역시 해운대구 우동 101-12,2024-02-04,일반,36540000,중형 SUV,3,109620000,2023-12-05,1,1,36,30대,겨울,2,2,6,0,부산광역시,1,평일,3,471,1,1,1,55,일반
jia98,1985-06-25,여,대구광역시 수성구 범어동 55-3,2022-08-04,이탈가능,49740000,중형 SUV,5,248700000,2024-03-02,2,0,39,30대,봄,0,3,5,1,대구광역시,5,주말,5,383,1,1,1,69,일반
jeongung32,1955-01-05,남,광주광역시 서구 치평동 14-7,2022-10-19,vip,89890000,중형 SUV,5,449450000,2024-04-25,1,0,70,70대 이상,봄,3,4,8,1,광주광역시,3,평일,5,329,2,1,1,88,vip
sgim,1978-05-30,남,서울특별시 종로구 청운동 67-89,2022-07-09,일반,72730000,준중형 세단,1,72730000,2023-12-11,1,0,46,40대,겨울,2,2,5,1,서울특별시,0,평일,1,465,1,1,1,42,이탈가능
gyeongjaeom,1962-04-15,남,경기도 수원시 영통구 원천동 12-34,2023-09-10,이탈가능,34880000,준중형 세단,2,69760000,2025-01-11,3,0,62,70대 이상,겨울,0,2,3,0,경기도,5,주말,2,68,4,1,1,58,일반
yeongsig47,1982-02-17,여,대전광역시 유성구 봉명동 44-2,2024-08-01,vip,54290000,준중형 세단,4,217160000,2024-07-17,1,0,43,40대,여름,3,3,8,1,대전광역시,2,평일,4,246,2,1,1,77,일반
yejison,1964-11-10,여,부산광역시 해운대구 우동 101-12,2022-11-07,이탈가능,72600000,준중형 세단,1,72600000,2024-10-14,2,1,60,70대 이상,가을,0,2,3,1,부산광역시,0,평일,1,157,3,1,1,47,이탈가능
doyun38,1971-02-07,여,울산광역시 남구 달동 23-5,2023-12-31,일반,73080000,중형 SUV,4,292320000,2024-02-20,3,1,54,50대,겨울,2,3,7,1,울산광역시,1,평일,4,394,1,1,1,69,일반
gimjeongsug,1999-07-28,여,인천광역시 남동구 구월동 88-10,2022-09-21,vip,75840000,중형 SUV,4,303360000,2024-07-25,1,1,25,20대,여름,3,4,8,1,인천광역시,3,평일,4,238,2,1,1,83,vip
yejun41,1999-01-19,여,서울특별시 강남구 역삼동 123-45,2024-07-23,일반,76370000,준중형 세단,3,229110000,2024-07-16,3,0,26,20대,여름,2,3,7,1,서울특별시,1,평일,3,247,2,1,1,69,일반
wi,1957-08-08,남,충청남도 천안시 동남구 성성동 22-3,2023-02-15,신규,59640000,준대형 세단,2,119280000,2024-05-18,2,1,67,70대 이상,봄,1,2,5,1,충청남도,5,주말,2,306,2,1,1,53,일반
seonghaeun,1969-01-04,남,서울특별시 종로구 청운동 67-89,2023-12-08,이탈가능,83300000,준중형 세단,2,166600000,2023-08-07,2,1,56,50대,여름,0,3,5,1,서울특별시,0,평일,2,591,1,1,1,54,일반
pgo,1972-04-13,여,대구광역시 수성구 범어동 55-3,2023-02-11,일반,53260000,준대형 세단,5,266300000,2023-11-03,3,1,52,50대,가을,2,3,7,1,대구광역시,4,평일,5,503,1,1,1,74,일반
eunju52,1959-10-02,남,충청북도 청주시 상당구 낙실동 9-1,2024-11-17,일반,89120000,준대형 세단,4,356480000,2024-10-16,3,0,65,70대 이상,가을,2,4,7,1,충청북도,2,평일,4,155,3,1,1,86,vip
qryu,1956-10-06,남,전라남도 목포시 부주동 77-8,2022-07-16,vip,48390000,중형 SUV,2,96780000,2023-12-28,1,1,68,70대 이상,겨울,3,2,7,1,전라남도,3,평일,2,448,1,1,1,53,일반
zgim,1974-10-18,남,대구광역시 수성구 범어동 55-3,2022-09-03,vip,36880000,중형 SUV,3,110640000,2024-01-11,1,1,50,50대,겨울,3,2,7,0,대구광역시,3,평일,3,434,1,1,1,58,일반
yeonggil14,1988-05-29,남,울산광역시 남구 달동 23-5,2024-08-13,이탈가능,89440000,중형 SUV,1,89440000,2025-02-28,3,1,36,30대,겨울,0,2,3,1,울산광역시,4,평일,1,20,5,1,1,58,신규
hayun28,1973-09-24,남,경기도 수원시 영통구 원천동 12-34,2022-05-18,신규,73020000,준중형 세단,2,146040000,2025-03-05,2,1,51,50대,봄,1,2,6,1,경기도,2,평일,2,15,5,1,1,71,일반
songjeonghyi,1990-01-15,남,광주광역시 서구 치평동 14-7,2024-03-17,vip,42530000,준중형 세단,1,42530000,2024-05-16,1,1,35,30대,봄,3,1,5,1,광주광역시,3,평일,1,308,2,1,1,41,이탈가능
gimeunyeong,1986-03-05,남,인천광역시 남동구 구월동 88-10,2023-03-05,일반,68170000,준대형 세단,1,68170000,2025-02-17,3,0,39,30대,겨울,2,2,5,1,인천광역시,0,평일,1,31,4,1,1,58,신규
bagyujin,1962-03-29,남,인천광역시 남동구 구월동 88-10,2024-02-19,신규,63320000,중형 SUV,5,316600000,2024-10-07,2,0,63,70대 이상,가을,1,4,6,1,인천광역시,0,평일,5,164,3,1,1,88,vip
hyeonju98,2001-12-02,여,경기도 수원시 영통구 원천동 12-34,2024-02-29,일반,83360000,준중형 세단,5,416800000,2023-05-09,3,1,23,20대,봄,2,4,7,1,경기도,1,평일,5,681,1,1,1,81,일반
isujin,1964-07-21,여,충청남도 천안시 동남구 성성동 22-3,2023-03-16,vip,38190000,준중형 세단,2,76380000,2023-10-08,2,0,60,70대 이상,가을,3,2,6,0,충청남도,6,주말,2,529,1,1,1,50,이탈가능
haeunjo,2002-06-04,여,부산광역시 해운대구 우동 101-12,2022-12-16,신규,79000000,중형 SUV,1,79000000,2023-06-16,2,1,22,20대,여름,1,2,4,1,부산광역시,4,평일,1,643,1,1,1,40,이탈가능
hgang,1981-07-10,여,인천광역시 남동구 구월동 88-10,2023-05-23,일반,45860000,준중형 세단,5,229300000,2023-03-20,3,0,43,40대,봄,2,3,7,1,인천광역시,0,평일,5,731,1,1,1,74,이탈가능
munjungsu,1973-05-11,여,전라남도 목포시 부주동 77-8,2023-06-29,vip,67010000,준대형 세단,5,335050000,2025-01-22,2,0,51,50대,겨울,3,4,8,1,전라남도,2,평일,5,57,4,1,1,99,vip
sanghyeongo,1981-02-27,여,서울특별시 종로구 청운동 67-89,2024-08-10,vip,61290000,준중형 세단,2,122580000,2024-11-21,2,0,44,40대,가을,3,2,8,1,서울특별시,3,평일,2,119,3,1,1,65,일반
jaehyeon94,1968-01-07,여,경기도 수원시 영통구 원천동 12-34,2024-04-20,이탈가능,83280000,준대형 세단,2,166560000,2024-07-18,3,1,57,50대,여름,0,3,5,1,경기도,3,평일,2,245,2,1,1,59,일반
igim,1980-02-11,남,충청북도 청주시 상당구 낙실동 9-1,2023-07-18,이탈가능,43090000,중형 SUV,3,129270000,2025-01-16,1,1,45,40대,겨울,0,2,5,1,충청북도,3,평일,3,63,4,1,1,68,일반
ogjabag,1968-09-13,남,경상남도 창원시 의창구 봉곡동 48-6,2022-06-14,일반,59280000,준중형 세단,3,177840000,2023-11-25,3,0,56,50대,가을,2,3,7,1,경상남도,5,주말,3,481,1,1,1,64,일반
hi,1970-05-23,여,전라북도 전주시 완산구 덕진동 33-7,2025-01-10,일반,57930000,중형 SUV,4,231720000,2024-07-19,3,0,54,50대,여름,2,3,7,1,전라북도,4,평일,4,244,2,1,1,74,일반
hyeonju95,2002-06-10,여,광주광역시 서구 치평동 14-7,2023-02-18,일반,53260000,준중형 세단,5,266300000,2024-02-12,3,1,22,20대,겨울,2,3,7,1,광주광역시,0,평일,5,402,1,1,1,74,일반
ibyeongceol,1997-12-18,남,대구광역시 수성구 범어동 55-3,2022-10-04,신규,56610000,준중형 세단,3,169830000,2025-01-13,2,0,27,20대,겨울,1,3,6,1,대구광역시,0,평일,3,66,4,1,1,77,일반
haeungim,1979-05-16,남,전라북도 전주시 완산구 덕진동 33-7,2024-11-14,신규,53180000,중형 SUV,4,212720000,2023-08-25,1,0,45,40대,여름,1,3,6,1,전라북도,4,평일,4,573,1,1,1,67,일반
gimyujin,1996-12-02,남,부산광역시 해운대구 우동 101-12,2022-10-19,일반,43840000,중형 SUV,5,219200000,2024-12-09,3,0,28,20대,겨울,2,3,7,1,부산광역시,0,평일,5,101,3,1,1,85,vip
gimsangceol,1998-07-17,여,서울특별시 강남구 역삼동 123-45,2022-12-15,신규,65040000,준중형 세단,3,195120000,2023-07-06,3,1,26,20대,여름,1,3,6,1,서울특별시,3,평일,3,623,1,1,1,62,일반
nha,1978-06-28,여,충청북도 청주시 상당구 낙실동 9-1,2023-03-13,신규,83610000,중형 SUV,2,167220000,2024-01-13,3,0,46,40대,겨울,1,3,6,1,충청북도,5,주말,2,432,1,1,1,56,일반
ui,1958-07-06,여,충청북도 청주시 상당구 낙실동 9-1,2022-10-26,신규,39010000,중형 SUV,5,195050000,2023-08-04,2,1,66,70대 이상,여름,1,3,6,0,충청북도,4,평일,5,594,1,1,1,72,일반
xgim,1996-01-21,남,광주광역시 서구 치평동 14-7,2023-10-21,이탈가능,84030000,준대형 세단,1,84030000,2024-01-24,2,1,29,20대,겨울,0,2,3,1,광주광역시,2,평일,1,421,1,1,1,37,이탈가능
hyeonsug49,1955-05-03,남,광주광역시 서구 치평동 14-7,2025-02-23,신규,84930000,준중형 세단,1,84930000,2024-10-10,2,0,69,70대 이상,가을,1,2,4,1,광주광역시,3,평일,1,161,3,1,1,50,이탈가능
fgim,1973-07-04,여,경기도 성남시 분당구 정자동 56-78,2022-12-25,이탈가능,87610000,준대형 세단,2,175220000,2024-07-22,3,0,51,50대,여름,0,3,5,1,경기도,0,평일,2,241,2,1,1,59,일반
boramo,1982-08-12,남,전라북도 전주시 완산구 덕진동 33-7,2023-10-08,일반,35370000,준중형 세단,1,35370000,2024-01-06,1,0,42,40대,겨울,2,1,4,0,전라북도,5,주말,1,439,1,1,1,33,이탈가능
yangseoyeong,1974-04-23,남,인천광역시 남동구 구월동 88-10,2024-01-19,일반,39170000,준중형 세단,3,117510000,2024-10-17,3,1,50,50대,가을,2,2,6,0,인천광역시,3,평일,3,154,3,1,1,65,일반
pgim,1992-03-13,남,서울특별시 종로구 청운동 67-89,2024-11-28,일반,42950000,중형 SUV,3,128850000,2023-08-04,3,1,33,30대,여름,2,2,7,1,서울특별시,4,평일,3,594,1,1,1,58,일반
ii,1961-10-15,남,부산광역시 해운대구 우동 101-12,2022-03-19,일반,32870000,준중형 세단,1,32870000,2024-01-21,3,0,63,70대 이상,겨울,2,1,4,0,부산광역시,6,주말,1,424,1,1,1,33,이탈가능
vi,2001-11-13,여,경기도 수원시 영통구 원천동 12-34,2022-08-03,이탈가능,62260000,중형 SUV,3,186780000,2025-02-10,1,1,23,20대,겨울,0,3,5,1,경기도,0,평일,3,38,4,1,1,74,일반
bagseungmin,1985-04-01,여,서울특별시 종로구 청운동 67-89,2023-07-17,신규,88940000,중형 SUV,5,444700000,2024-06-21,2,0,39,30대,여름,1,4,6,1,서울특별시,4,평일,5,272,2,1,1,83,vip
yujingim,1978-03-06,여,전라북도 전주시 완산구 덕진동 33-7,2023-12-20,vip,68400000,준대형 세단,1,68400000,2023-07-05,3,1,47,40대,여름,3,2,6,1,전라북도,2,평일,1,624,1,1,1,45,이탈가능
jojaeho,1969-10-25,여,경기도 성남시 분당구 정자동 56-78,2023-08-20,vip,45780000,중형 SUV,1,45780000,2024-03-29,2,0,55,50대,봄,3,1,5,1,경기도,4,평일,1,356,2,1,1,41,이탈가능
caeweon59,1995-07-07,여,경기도 수원시 영통구 원천동 12-34,2022-10-24,일반,32920000,준중형 세단,1,32920000,2023-06-09,1,1,29,20대,여름,2,1,4,0,경기도,4,평일,1,650,1,1,1,33,이탈가능
wi,1997-10-12,여,충청북도 청주시 상당구 낙실동 9-1,2023-05-04,신규,86690000,준중형 세단,3,260070000,2024-12-03,1,1,27,20대,겨울,1,3,6,1,충청북도,1,평일,3,107,3,1,1,72,일반
ecoe,2003-05-26,여,전라북도 전주시 완산구 덕진동 33-7,2023-12-25,일반,84800000,준중형 세단,3,254400000,2024-07-22,3,1,21,20대,여름,2,3,7,1,전라북도,0,평일,3,241,2,1,1,69,일반
gimjeongsug,1955-06-23,여,경기도 수원시 영통구 원천동 12-34,2023-06-26,일반,83330000,준대형 세단,1,83330000,2023-03-25,2,1,69,70대 이상,봄,2,2,5,1,경기도,5,주말,1,726,1,1,1,42,이탈가능
dohyeonbae,1961-05-28,남,광주광역시 서구 치평동 14-7,2024-06-22,일반,55580000,준중형 세단,5,277900000,2023-08-27,1,0,63,70대 이상,여름,2,3,7,1,광주광역시,6,주말,5,571,1,1,1,74,일반
seongjinbae,1959-04-27,여,경기도 수원시 영통구 원천동 12-34,2022-08-15,일반,54060000,준중형 세단,2,108120000,2025-02-10,3,1,65,70대 이상,겨울,2,2,6,1,경기도,0,평일,2,38,4,1,1,65,일반
byeongceol79,2002-07-01,여,경기도 성남시 분당구 정자동 56-78,2025-03-07,이탈가능,62760000,중형 SUV,2,125520000,2024-01-16,1,0,22,20대,겨울,0,2,5,1,경기도,1,평일,2,429,1,1,1,47,이탈가능
lgweon,1963-09-08,여,충청북도 청주시 상당구 낙실동 9-1,2024-02-27,신규,67440000,준중형 세단,5,337200000,2024-12-26,2,1,61,70대 이상,겨울,1,4,6,1,충청북도,3,평일,5,84,4,1,1,94,vip
gwangsu15,1995-01-09,남,경기도 수원시 영통구 원천동 12-34,2024-04-20,일반,44780000,중형 SUV,4,179120000,2023-06-11,3,0,30,30대,여름,2,3,7,1,경기도,6,주말,4,648,1,1,1,69,일반
jeongjaryu,1977-03-28,남,서울특별시 종로구 청운동 67-89,2023-06-24,vip,46850000,중형 SUV,1,46850000,2024-07-21,2,0,48,40대,여름,3,1,5,1,서울특별시,6,주말,1,242,2,1,1,41,이탈가능
doyungim,2001-09-01,여,울산광역시 남구 달동 23-5,2024-08-09,신규,50720000,중형 SUV,5,253600000,2025-03-07,3,0,23,20대,봄,1,3,6,1,울산광역시,4,평일,5,13,5,1,1,92,vip
migyeong21,1967-09-01,여,경상북도 포항시 남구 대도동 19-2,2022-08-25,일반,42510000,중형 SUV,4,170040000,2024-03-02,1,0,57,50대,봄,2,3,7,1,경상북도,5,주말,4,383,1,1,1,69,일반
jiweon44,1996-02-04,남,부산광역시 해운대구 우동 101-12,2023-10-08,일반,36500000,준중형 세단,5,182500000,2025-02-01,3,1,29,20대,겨울,2,3,7,0,부산광역시,5,주말,5,47,4,1,1,90,vip
gyeonghyi14,1982-08-24,여,서울특별시 강남구 역삼동 123-45,2024-10-11,이탈가능,88690000,준대형 세단,4,354760000,2024-02-09,3,1,42,40대,겨울,0,4,5,1,서울특별시,4,평일,4,405,1,1,1,71,일반
sujin21,1974-10-12,여,경기도 성남시 분당구 정자동 56-78,2023-03-30,vip,33070000,중형 SUV,3,99210000,2023-08-07,1,0,50,50대,여름,3,2,7,0,경기도,0,평일,3,591,1,1,1,58,일반
dim,1963-12-17,남,울산광역시 남구 달동 23-5,2022-12-06,일반,84160000,준중형 세단,1,84160000,2025-01-01,3,1,61,70대 이상,겨울,2,2,5,1,울산광역시,2,평일,1,78,4,1,1,58,신규
bagdoyun,1983-04-17,남,서울특별시 종로구 청운동 67-89,2025-01-02,일반,36850000,준중형 세단,3,110550000,2024-09-25,1,1,41,40대,가을,2,2,6,0,서울특별시,2,평일,3,176,3,1,1,65,일반
hyeonjun76,1986-12-26,여,경기도 성남시 분당구 정자동 56-78,2024-10-02,신규,59410000,준중형 세단,1,59410000,2024-06-19,1,0,38,30대,여름,1,2,3,1,경기도,2,평일,1,274,2,1,1,42,이탈가능
obag,1969-01-06,남,전라북도 전주시 완산구 덕진동 33-7,2022-08-07,일반,46640000,준중형 세단,1,46640000,2025-02-08,3,0,56,50대,겨울,2,1,4,1,전라북도,5,주말,1,40,4,1,1,49,신규
songseoyun,1975-07-01,여,충청북도 청주시 상당구 낙실동 9-1,2023-04-28,이탈가능,78930000,중형 SUV,1,78930000,2023-12-07,3,1,49,40대,겨울,0,2,3,1,충청북도,3,평일,1,469,1,1,1,37,이탈가능
gimjeongsig,1959-05-12,여,경상남도 창원시 의창구 봉곡동 48-6,2023-04-09,이탈가능,63210000,준대형 세단,3,189630000,2024-12-15,1,0,65,70대 이상,겨울,0,3,5,1,경상남도,6,주말,3,95,3,1,1,69,일반
fgim,1972-04-08,남,서울특별시 강남구 역삼동 123-45,2022-04-30,vip,86560000,준대형 세단,2,173120000,2024-11-24,2,0,52,50대,가을,3,3,8,1,서울특별시,6,주말,2,116,3,1,1,72,일반
sangceolgim,1959-08-02,여,경기도 수원시 영통구 원천동 12-34,2024-09-04,vip,71030000,준중형 세단,2,142060000,2024-07-24,1,1,65,70대 이상,여름,3,2,8,1,경기도,2,평일,2,239,2,1,1,60,일반
gimhyeonsug,1986-05-25,남,부산광역시 해운대구 우동 101-12,2022-03-24,이탈가능,46720000,준중형 세단,4,186880000,2025-02-16,1,1,38,30대,겨울,0,3,5,1,부산광역시,6,주말,4,32,4,1,1,79,일반
gbag,1964-04-14,여,광주광역시 서구 치평동 14-7,2024-04-04,이탈가능,51540000,준중형 세단,2,103080000,2023-08-28,2,0,60,70대 이상,여름,0,2,4,1,광주광역시,0,평일,2,570,1,1,1,45,이탈가능
jiweoni,1981-05-10,남,대전광역시 유성구 봉명동 44-2,2025-01-09,vip,40970000,중형 SUV,4,163880000,2023-05-09,2,0,43,40대,봄,3,3,8,1,대전광역시,1,평일,4,681,1,1,1,72,일반
sanghunhwang,1972-03-12,여,충청북도 청주시 상당구 낙실동 9-1,2022-10-30,신규,41620000,준대형 세단,3,124860000,2023-07-30,1,1,53,50대,여름,1,2,6,1,충청북도,6,주말,3,599,1,1,1,55,일반
obag,1969-05-19,여,서울특별시 종로구 청운동 67-89,2022-09-13,일반,33470000,준중형 세단,1,33470000,2023-04-23,1,1,55,50대,봄,2,1,4,0,서울특별시,6,주말,1,697,1,1,1,33,이탈가능
yeongceol55,1966-05-04,여,경기도 성남시 분당구 정자동 56-78,2025-02-03,vip,48350000,준대형 세단,1,48350000,2024-06-24,2,1,58,50대,여름,3,1,5,1,경기도,0,평일,1,269,2,1,1,41,이탈가능
nhwang,1983-10-08,여,서울특별시 강남구 역삼동 123-45,2025-03-11,vip,38960000,중형 SUV,5,194800000,2025-02-26,3,1,41,40대,겨울,3,3,8,0,서울특별시,2,평일,5,22,5,1,1,97,vip
hyeonjun11,2002-07-29,여,전라남도 목포시 부주동 77-8,2025-01-20,vip,62910000,준중형 세단,1,62910000,2023-06-22,2,1,22,20대,여름,3,2,6,1,전라남도,3,평일,1,637,1,1,1,45,이탈가능
mgang,1990-12-09,남,전라남도 목포시 부주동 77-8,2023-02-16,vip,82580000,중형 SUV,5,412900000,2024-07-16,3,0,34,30대,여름,3,4,8,1,전라남도,1,평일,5,247,2,1,1,88,vip
gimsanghyeon,1983-03-05,여,경기도 성남시 분당구 정자동 56-78,2023-04-02,이탈가능,72970000,준대형 세단,1,72970000,2023-08-08,3,1,42,40대,여름,0,2,3,1,경기도,1,평일,1,590,1,1,1,37,이탈가능
jeongsugang,1966-01-12,여,경기도 성남시 분당구 정자동 56-78,2022-07-12,이탈가능,45780000,준중형 세단,5,228900000,2024-10-18,1,1,59,50대,가을,0,3,5,1,경기도,4,평일,5,153,3,1,1,79,일반
xson,1960-07-13,남,서울특별시 종로구 청운동 67-89,2023-05-04,일반,42150000,중형 SUV,5,210750000,2024-11-13,1,1,64,70대 이상,가을,2,3,7,1,서울특별시,2,평일,5,127,3,1,1,85,vip
hyeonugang,1984-11-30,여,경기도 수원시 영통구 원천동 12-34,2023-01-29,이탈가능,47850000,준대형 세단,2,95700000,2025-01-18,3,0,40,40대,겨울,0,2,4,1,경기도,5,주말,2,61,4,1,1,60,일반
jeongyeji,1954-04-06,남,전라남도 목포시 부주동 77-8,2025-02-11,vip,80220000,중형 SUV,3,240660000,2024-12-23,1,0,71,70대 이상,겨울,3,3,8,1,전라남도,0,평일,3,87,4,1,1,82,일반
seoyun45,1956-01-22,여,경상남도 창원시 의창구 봉곡동 48-6,2023-07-28,신규,39500000,준중형 세단,3,118500000,2024-09-09,3,1,69,70대 이상,가을,1,2,5,0,경상남도,0,평일,3,192,2,1,1,58,일반
xgim,1958-03-21,남,부산광역시 해운대구 우동 101-12,2023-03-03,신규,32560000,준중형 세단,5,162800000,2024-03-15,2,0,67,70대 이상,봄,1,3,6,0,부산광역시,4,평일,5,370,1,1,1,72,일반
mbag,2003-11-14,남,경기도 수원시 영통구 원천동 12-34,2024-08-31,vip,73440000,준중형 세단,5,367200000,2024-04-10,1,0,21,20대,봄,3,4,8,1,경기도,2,평일,5,344,2,1,1,88,vip
jihun46,1975-10-13,남,전라북도 전주시 완산구 덕진동 33-7,2022-06-28,일반,37590000,준대형 세단,5,187950000,2024-11-09,1,1,49,40대,가을,2,3,7,0,전라북도,5,주말,5,131,3,1,1,85,vip
gangyeongsig,1985-07-18,여,광주광역시 서구 치평동 14-7,2022-04-28,신규,88110000,중형 SUV,5,440550000,2024-07-02,2,1,39,30대,여름,1,4,6,1,광주광역시,1,평일,5,261,2,1,1,83,vip
bagjeonghun,1977-05-21,여,충청남도 천안시 동남구 성성동 22-3,2024-10-03,vip,35270000,준중형 세단,3,105810000,2024-01-22,3,0,47,40대,겨울,3,2,7,0,충청남도,0,평일,3,423,1,1,1,58,일반
ygo,1955-03-14,여,경상북도 포항시 남구 대도동 19-2,2023-07-29,이탈가능,58550000,준대형 세단,2,117100000,2023-04-18,2,1,70,70대 이상,봄,0,2,4,1,경상북도,1,평일,2,702,1,1,1,45,이탈가능
rjang,1999-02-28,남,서울특별시 강남구 역삼동 123-45,2022-03-18,일반,30240000,준대형 세단,1,30240000,2023-07-19,2,1,26,20대,여름,2,1,4,0,서울특별시,2,평일,1,610,1,1,1,33,이탈가능
ihyeonji,1982-07-15,남,광주광역시 서구 치평동 14-7,2023-10-08,일반,63000000,중형 SUV,2,126000000,2024-01-07,3,1,42,40대,겨울,2,2,7,1,광주광역시,6,주말,2,438,1,1,1,53,일반
byeongceoljang,1969-12-24,여,경기도 성남시 분당구 정자동 56-78,2023-07-14,vip,39900000,중형 SUV,3,119700000,2024-10-25,3,1,55,50대,가을,3,2,7,0,경기도,4,평일,3,146,3,1,1,68,일반
jgim,1962-01-28,여,서울특별시 종로구 청운동 67-89,2023-06-05,vip,74130000,준중형 세단,2,148260000,2023-12-14,3,0,63,70대 이상,겨울,3,2,8,1,서울특별시,3,평일,2,462,1,1,1,55,일반
gimseohyeon,1964-12-10,여,서울특별시 강남구 역삼동 123-45,2024-02-18,신규,49970000,준대형 세단,5,249850000,2024-06-03,3,1,60,70대 이상,여름,1,3,6,1,서울특별시,0,평일,5,290,2,1,1,77,일반
iyeongho,1997-01-18,여,충청북도 청주시 상당구 낙실동 9-1,2024-05-26,이탈가능,36350000,준중형 세단,3,109050000,2024-01-19,1,1,28,20대,겨울,0,2,4,0,충청북도,4,평일,3,426,1,1,1,50,이탈가능
minjaesin,1999-12-03,여,인천광역시 남동구 구월동 88-10,2022-07-10,이탈가능,75750000,중형 SUV,3,227250000,2023-12-27,3,0,25,20대,겨울,0,3,5,1,인천광역시,2,평일,3,449,1,1,1,59,일반
sunja59,1990-06-02,여,경상북도 포항시 남구 대도동 19-2,2023-05-08,일반,71030000,준중형 세단,2,142060000,2024-04-12,2,0,34,30대,봄,2,2,7,1,경상북도,4,평일,2,342,2,1,1,58,일반
nson,1975-01-29,남,광주광역시 서구 치평동 14-7,2024-08-29,이탈가능,36960000,준대형 세단,4,147840000,2023-06-04,1,1,50,50대,여름,0,2,5,0,광주광역시,6,주말,4,655,1,1,1,58,일반
songseongjin,1961-02-06,여,충청북도 청주시 상당구 낙실동 9-1,2025-01-11,vip,56890000,준중형 세단,5,284450000,2023-03-13,2,0,64,70대 이상,봄,3,3,8,1,충청북도,0,평일,5,738,1,1,1,77,이탈가능
seoyun92,1958-06-16,남,경상북도 포항시 남구 대도동 19-2,2022-03-31,신규,71090000,중형 SUV,4,284360000,2023-10-27,2,1,66,70대 이상,가을,1,3,6,1,경상북도,4,평일,4,510,1,1,1,67,일반
baeggyeongja,1978-10-17,여,대전광역시 유성구 봉명동 44-2,2023-08-13,vip,60370000,중형 SUV,2,120740000,2024-05-17,1,1,46,40대,봄,3,2,8,1,대전광역시,4,평일,2,307,2,1,1,60,일반
mjo,1973-06-05,남,서울특별시 종로구 청운동 67-89,2022-07-13,이탈가능,35430000,중형 SUV,4,141720000,2023-12-31,2,1,51,50대,겨울,0,2,5,0,서울특별시,6,주말,4,445,1,1,1,58,일반
kgim,1981-06-21,남,광주광역시 서구 치평동 14-7,2023-06-20,이탈가능,40290000,준대형 세단,1,40290000,2024-01-31,2,0,43,40대,겨울,0,1,2,1,광주광역시,2,평일,1,414,1,1,1,28,이탈가능
yeongsigi,1984-05-27,남,대구광역시 수성구 범어동 55-3,2022-05-11,일반,77340000,중형 SUV,4,309360000,2024-06-05,3,1,40,40대,여름,2,4,7,1,대구광역시,2,평일,4,288,2,1,1,81,vip
jihungim,1958-07-11,여,전라북도 전주시 완산구 덕진동 33-7,2023-03-06,신규,86770000,준대형 세단,2,173540000,2024-12-20,1,1,66,70대 이상,겨울,1,3,6,1,전라북도,4,평일,2,90,4,1,1,72,일반
jinho50,1976-06-27,여,충청남도 천안시 동남구 성성동 22-3,2024-08-26,신규,69510000,준중형 세단,3,208530000,2023-08-24,3,0,48,40대,여름,1,3,6,1,충청남도,3,평일,3,574,1,1,1,62,일반
jihun41,1968-01-22,여,경상남도 창원시 의창구 봉곡동 48-6,2023-01-02,vip,39890000,중형 SUV,2,79780000,2024-01-12,2,1,57,50대,겨울,3,2,6,0,경상남도,4,평일,2,433,1,1,1,50,이탈가능
yeongil47,1984-01-10,남,대구광역시 수성구 범어동 55-3,2023-04-08,신규,44530000,준대형 세단,2,89060000,2024-01-30,3,1,41,40대,겨울,1,2,4,1,대구광역시,1,평일,2,415,1,1,1,45,이탈가능
gyeongsugson,1960-06-24,여,전라남도 목포시 부주동 77-8,2022-11-08,vip,43950000,준대형 세단,5,219750000,2024-06-28,3,0,64,70대 이상,여름,3,3,8,1,전라남도,4,평일,5,265,2,1,1,82,vip
